1;2018-11-29;1;L-VL 1259  L-VL 1117;;ACS;FGL;4600149733;27'580;Silo 1;4600149733;13;10,9;;Winterweizen;Toras;159,6;4'401,77;
2;2018-11-30;2;KM-SK 417  KM-EF 221;;ACS;FGL;4600149733;30'660;Silo 1;4600149733;11,8;11,3;;Winterweizen;Toras;159,6;4'893,34;
3;2018-12-03;3;NOM-MF 193  NOM-Mf 202;;ACS;FGL;4600149733;26'000;Silo 1;4600149733;12,5;10,1;2,2;Winterweizen;Toras;159,6;4'149,60;
4;2018-12-03;4;FG-BF 352  FG-BF 221;;ACS;FGL;4600149733;26'980;Silo 1;4600149733;12,2;9,6;2,1;Winterweizen;Toras;159,6;4'306,01;
5;2018-12-03;5;L-VL 1100  L-VL 4386;;ACS;FGL;4600149733;28'980;Silo 1;4600149733;12;13;;Winterweizen;Toras;159,6;4'625,21;
6;2018-12-05;6;GRM-JE 9  GRM-JE 8;;ACS;FGL;4600149733;29'500;Silo 1;4600149733;12;12,4;;Winterweizen;Toras;159,6;4'708,20;
7;2018-12-10;7;SPN-KK 250  SPN-KK 272;;ACS;FGL;4600149733;27'920;Silo 1;4600149733;12,5;11,7;;Winterweizen;RGT Reform;156,4;4'366,69;
8;2018-12-10;8;FG-BF 586  FG-BF 227;;ACS;FGL;4600149733;28'100;Silo 1;4600149733;12,6;11,9;;Winterweizen;RGT Reform;156,4;4'394,84;
9;2018-12-10;9;SPN-KK 235  SPN-KK 271;;ACS;FGL;4600149733;26'780;Silo 1;4600149733;12,9;11,5;;Winterweizen;RGT Reform;156,4;4'188,39;
10;2018-12-11;10;SPN-KK 250  SPN-KK 272;;ACS;FGL;4600149733;26'240;Silo 1;4600149733;13;12,1;;Winterweizen;Toras;159,6;4'187,90;
11;2018-12-11;11;FG-BF 354  FG-BF 227;;B?Fi;FGL;4600149733;26'680;Silo 1;4600149733;12,5;11,8;;Winterweizen;Toras;159,6;4'258,13;
12;2018-12-11;12;SPN-KK 235  SPN-KK 271;;ACS;FGL;4600149733;27'320;Silo 1;4600149733;12,2;11,3;;Winterweizen;Toras;159,6;4'360,27;
13;2018-12-12;13;SPN-KK 250  SPN-KK 272;;ACS;FGL;4600149733;26'620;Silo 1;4600149733;12,6;11,8;;Winterweizen;Toras;159,6;4'248,55;
14;2018-12-12;14;SPN-KK 249  SPN-KK 171;;ACS;FGL;4600149733;27'900;Silo 1;4600149733;12,5;12,2;;Winterweizen;Toras;159,6;4'452,84;
15;2018-12-12;15;GRZ-ZZ 216  GRZ-ZZ 215;;ACS;FGL;4600149733;27'040;Silo 1;4600149733;12,6;11,9;;Winterweizen;Toras;159,6;4'315,58;
16;2018-12-12;16;SPN-KK 235  SPN-KK 271;;ACS;FGL;4600149733;27'300;Silo 1;4600149733;12,4;12,1;;Winterweizen;Toras;159,6;4'357,08;
17;2018-12-13;17;SPN-KK 240  SPN-KK 270;;ACS;FGL;4600149733;26'320;Silo 7;4600149733;12,6;12,3;;Winterweizen;Toras;159,6;4'200,67;
18;2018-12-13;18;SPN-KK 250  SPN-KK 272;;ACS;FGL;4600149733;27'920;Silo 7;4600149733;13,1;12,2;;Winterweizen;Toras;159,6;4'456,03;
1;2019-01-11;1;Gei†ler FG-GS 204;Gei†ler FG-GS 216;Gei†ler;FGL;4600115268;29'500;Silo 8;334478;6,63;6;;Winterraps;;373,66;11'023,03;
2;2019-01-14;1;ACS HZ-M 608;ACS HZ-JM 391;ACS;Beiselen;4600115268;28'270;Silo 8;334481;6,1;;;Winterraps;;408,52;11'548,94;
3;2019-01-14;2;Gei†ler FG-GS 204;Gei†ler FG-GS 216;Gei†ler;FGL;4600115268;30'220;Silo 8;334482;5,99;6,2;;Winterraps;;381,07;11'515,99;
4;2019-01-14;2;ACS FG-AA 209;ACS FG-AA 210;ACS;Beiselen;4600115268;27'970;Silo 8;334483;6,1;;;Winterraps;;408,52;11'426,39;
5;2019-01-15;3;ACS HZ-M 608;ACS HZ-JM 391;ACS;Beiselen;4600115268;27'550;Silo 8;94208643;6,1;;;Winterraps;;408,52;11'254,81;
6;2019-01-15;4;ACS HVL-KU 70;ACS HVL-KU 84;ACS;Beiselen;4600115268;27'190;Silo 8;94208645;6,1;;;Winterraps;;408,52;11'107,74;
7;2019-01-16;5;ACS NOM-MF191;ACS NOM-MF 201;ACS;Beiselen;4600115268;27'410;Silo 8;94208647;6,1;;;Winterraps;;402,97;11'045,49;
8;2019-01-16;3;Gei†ler FG-GS 217;Gei†ler FG-GS 514;Gei†ler;FGL;4600115268;30'520;Silo 8;94208649;6,27;6,2;;Winterraps;;374,01;11'414,84;
9;2019-01-16;6;ACS FG-H 22;ACS FG-H 75;ACS;Beiselen;4600110344;28'060;Silo 8;94208651;6,1;;;Winterraps;;402,97;11'307,42;
10;2019-01-16;7;B?fi FG-BF 352;B?fi FG-BF 221;ACS;Beiselen;4600110344;26'460;Silo 8;94208653;6,1;;;Winterraps;;402,97;10'662,66;
11;2019-01-16;8;ACS NOM-MF193;ACS NOM-MF 202;ACS;Beiselen;4600110344;25'580;Silo 8;94208655;6,1;;;Winterraps;;402,97;10'308,05;
12;2019-01-16;9;ACS FG-AA 209;ACS FG-AA 210;ACS;Beiselen;4600110344;26'100;Silo 8;94208657;6,6;;;Winterraps;;397,05;10'363,12;
13;2019-01-16;4;Gei†ler FG-GS 213;Gei†ler FG-GS 518;Gei†ler;FGL;90951;27'220;Silo 8;94208659;6,97;7,1;;Winterraps;;361,27;9'833,78;
14;2019-01-16;5;Gei†ler FG-GS 202;Gei†ler FG-GS 507;Gei†ler;FGL;90951;29'640;Silo 8;94208661;7,23;7,2;;Winterraps;;350,57;10'390,76;
15;2019-01-17;6;Gei†ler FG-GS 213;Gei†ler FG-GS 518;Gei†ler;FGL;90951;27'100;Silo 8;94208663;7,63;7,3;;Winterraps;;348,92;9'455,61;
16;2019-01-17;7;Gei†ler FG-GS 202;Gei†ler FG-GS 507;Gei†ler;FGL;90951;6'000;Silo 8;94208665;6,58;6,2;;Winterraps;;378,17;2'269,03;
;2019-01-17;7;Gei†ler FG-GS 202;Gei†ler FG-GS 507;Gei†ler;FGL;90951;23'680;Silo 1;94208665;6,58;6,2;;Winterraps;;378,17;8'955,10;
17;2019-01-18;10;ACS L-VL 1030;ACS L-VL 1115;ACS;Beiselen;4600110344;29'320;Silo 1;94208667;6,1;6,2;;Winterraps;;407,66;11'952,49;
18;2019-01-18;11;B?fi FG-BF 356;B?fi FG-BF 263;ACS;Beiselen;4600110344;28'860;Silo 1;94208669;6,1;6,2;;Winterraps;;407,66;11'764,96;
1;2019-01-22;1;Rekasan Z-R 4001;Rekasan Z-R 4002;Rekasan;Rekasan;181091801;29'000;Silo 3;94208671;11,2;;;Winterweizen;Patras;200;5'800,00;
2;2019-01-31;2;Rekasan Z-R 4070;Rekasan Z-R 4071;Rekasan;Rekasan;181091801;26'660;Silo 3;94208673;11,5;;;Winterweizen;Patras;200;5'332,00;
3;2019-02-08;3;Rekasan Z-R 4050;Rekasan Z-R 4051;Rekasan;Rekasan;181091801;30'860;Silo 3;94208748;11,7;;;Winterweizen;Patras;200;6'172,00;
4;2019-02-13;4;Rekasan Z-R 4070;Rekasan Z-R 4071;Rekasan;Rekasan;181091801;28'840;Silo 3;94208750;12,5;;;Winterweizen;Patras;200;5'768,00;
5;2019-02-20;5;Rekasan Z-R 1206;Rekasan Z-R 1204;Rekasan;Rekasan;181091801;24'900;Silo 7;94208754;13,1;;;Winterweizen;Toras;200;4'980,00;
6;2019-02-28;6;Rekasan Z-R 4050;Rekasan Z-R 4051;Rekasan;Rekasan;181091801;23'700;Silo 7;94208756;13,2;;;Winterweizen;Toras;200;4'740,00;
7;2019-03-05;7;Rekasan Z-R 106;Rekasan SLF-O 405;Rekasan;Rekasan;181091801;26'660;Silo 7;94208758;12,7;;;Winterweizen;Toras;200;5'332,00;
8;2019-03-19;8;Rekasan Z-R 4050;Rekasan Z-R 4051;Rekasan;Rekasan;181091801;20'000;Silo 7;94208760;13,5;;;Winterweizen;Toras;200;4'000,00;
;;;Rekasan Z-R 4050;Rekasan Z-R 4051;Rekasan;Rekasan;181091801;8'100;Silo 4;94208760;13,5;;;Winterweizen;RGT Reform;200;1'620,00;
9;2019-03-26;9;Rekasan Z-R 4030;Rekasan Z-R 4031;Rekasan;Rekasan;181091801;27'760;Silo 4;94208762;12,4;;;Winterweizen;RGT Reform;200;5'552,00;
10;2019-04-02;10;Rekasan Z-R 4050;Rekasan Z-R 4051;Rekasan;Rekasan;181091801;27'260;Silo 2;94208674;12,5;;;Winterweizen;Patras;200;5'452,00;
11;2019-04-08;11;Rekasan Z-R 4050;Rekasan Z-R 4051;Rekasan;Rekasan;181091801;27'240;Silo 2;94208672;12,7;;;Winterweizen;Patras;200;5'448,00;
1;2019-02-06;1;DD-DM 1013;DD-DM 1113;Dresdner MÅhle;Beiselen;180395;27'820;Sortierhalle rechts;94208710;12,3;9,9;;Winterweizen;Etana;195;5'424,90;
2;2019-02-06;2;DD-DM 1014;DD-DM 1114;Dresdner MÅhle;Beiselen;180395;28'420;Sortierhalle rechts;94208712;12,2;10;;Winterweizen;Etana;195;5'541,90;
3;2019-02-07;3;DD-DM 1013;DD-DM 1113;Dresdner MÅhle;Beiselen;180395;26'980;Sortierhalle rechts;94208708;12,2;10,5;;Winterweizen;Etana;195;5'261,10;
4;2019-02-07;4;DD-DM 1014;DD-DM 1114;Dresdner MÅhle;Beiselen;180395;27'680;Sortierhalle rechts;94208676;12,3;10,5;;Winterweizen;Etana;195;5'397,60;
5;2019-02-07;5;DD-DM 1013;DD-DM 1113;Dresdner MÅhle;Beiselen;180395;28'280;Sortierhalle rechts;94208704;12,1;10,7;;Winterweizen;Etana;195;5'514,60;
6;2019-02-07;6;DD-DM 1014;DD-DM 1114;Dresdner MÅhle;Beiselen;180395;28'660;Sortierhalle rechts;94208706;11,9;10,7;;Winterweizen;Etana;195;5'588,70;
7;2019-02-07;7;DD-DM 1013;DD-DM 1113;Dresdner MÅhle;Beiselen;180395;26'660;Sortierhalle rechts;94208696;11,9;10,7;;Winterweizen;Etana;195;5'198,70;
8;2019-02-07;8;DD-DM 1014;DD-DM 1114;Dresdner MÅhle;Beiselen;180395;27'200;Sortierhalle rechts;94208698;11,9;11;;Winterweizen;Etana;195;5'304,00;
9;2019-02-14;9;DD-DM 1013;DD-DM 1113;Dresdner MÅhle;Beiselen;180395;27'260;Sortierhalle rechts;94208680;11,6;10,8;;Winterweizen;Etana;195;5'315,70;
10;2019-02-14;10;DD-DM 1014;DD-DM 1114;Dresdner MÅhle;Beiselen;180395;30'080;Sortierhalle rechts;94208678;11,5;10,7;;Winterweizen;Etana;195;5'865,60;
11;2019-02-14;11;DD-DM 1013;DD-DM 1113;Dresdner MÅhle;Beiselen;180395;28'280;Sortierhalle rechts;94208684;11,2;10,3;;Winterweizen;Etana;195;5'514,60;
12;2019-02-14;12;DD-DM 1014;DD-DM 1114;Dresdner MÅhle;Beiselen;180395;28'560;Sortierhalle rechts;94208682;11,1;10,2;;Winterweizen;Etana;195;5'569,20;
13;2019-02-14;13;DD-DM 1013;DD-DM 1113;Dresdner MÅhle;Beiselen;180395;28'920;Sortierhalle rechts;94208688;11,1;10,1;;Winterweizen;Etana;195;5'639,40;
14;2019-02-14;14;DD-DM 1014;DD-DM 1114;Dresdner MÅhle;Beiselen;180395;28'580;Sortierhalle rechts;94208686;11,4;10,3;;Winterweizen;Etana;195;5'573,10;
15;2019-02-15;15;DD-DM 1013;DD-DM 1113;Dresdner MÅhle;Beiselen;180395;29'280;Sortierhalle rechts;94208764;12,3;10,4;;Winterweizen;Etana;195;5'709,60;
16;2019-02-15;16;DD-DM 1014;DD-DM 1114;Dresdner MÅhle;Beiselen;180395;29'040;Sortierhalle rechts;94208766;11,3;10,4;;Winterweizen;Etana;195;5'662,80;
17;2019-02-15;17;DD-DM 1013;DD-DM 1113;Dresdner MÅhle;Beiselen;180395;29'700;Sortierhalle rechts;94208768;11,4;10,5;;Winterweizen;Etana;195;5'791,50;
18;2019-02-15;18;DD-DM 1014;DD-DM 1114;Dresdner MÅhle;Beiselen;180395;27'640;Sortierhalle rechts;94208770;11,8;10,7;;Winterweizen;Etana;195;5'389,80;
19;2019-02-15;19;DD-DM 1013;DD-DM 1113;Dresdner MÅhle;Beiselen;180395;18'000;Sortierhalle rechts;94208772;12,8;11,4;;Winterweizen;Etana;195;3'510,00;
;;19;DD-DM 1013;DD-DM 1113;Dresdner MÅhle;Beiselen;180395;10'940;Silo 6;94208772;12,8;11,4;;Winterweizen;Patras;195;2'133,30;
20;2019-02-15;20;DD-DM 1014;DD-DM 1114;Dresdner MÅhle;Beiselen;180395;26'840;Silo 7;94208774;12,3;11;;Winterweizen;Toras;195;5'233,80;
21;2019-02-18;21;DD-DM 1012;SLK-SM 19;Dresdner MÅhle;Beiselen;180395;30'580;Silo 3;942087;11,9;10,4;;Winterweizen;Patras;195;5'963,10;
1;2019-04-12;1;Rekasan Z-R 4070;Rekasan Z-R 4071;Rekasan;Rekasan;181021901;26'140;Silo 4;94208660;12,6;;;Winterweizen;RGT Reform;198;5'175,72;
2;2019-04-15;2;Rekasan Z-R 4050;Rekasan Z-R 4051;Rekasan;Rekasan;181021901;25'660;Silo 4;94208652;11,9;;;Winterweizen;RGT Reform;198;5'080,68;
3;2019-04-18;3;Rekasan Z-R 4070;Rekasan Z-R 4071;Rekasan;Rekasan;181021901;27'080;Silo 4;94208650;12,8;;;Winterweizen;RGT Reform;198;5'361,84;
4;2019-04-24;4;Rekasan Z-R 4030;Rekasan Z-R 4031;Rekasan;Rekasan;181021901;29'220;Silo 4;94208632;12,2;;;Winterweizen;RGT Reform;198;5'785,56;
5;2019-04-30;5;Rekasan Z-R 4070;Rekasan Z-R 4071;Rekasan;Rekasan;181021901;28'840;Silo 4;94208626;12,6;;;Winterweizen;RGT Reform;198;5'710,32;
6;2019-05-17;6;Rekasan Z-R 4070;Rekasan Z-R 4071;Rekasan;Rekasan;181021901;28'180;Silo 4;94208610;12,4;;;Winterweizen;RGT Reform;198;5'579,64;
7;2019-05-20;7;Rekasan Z-R 4030;Rekasan Z-R 4031;Rekasan;Rekasan;181021901;28'120;Silo 4;94208608;12,7;;;Winterweizen;RGT Reform;198;5'567,76;
8;2019-05-29;8;Rekasan Z-R 1206;Rekasan Z-R 1204;Rekasan;Rekasan;181021901;24'420;Silo 4;94208604;12,6;;;Winterweizen;RGT Reform;198;4'835,16;
9;2019-06-04;9;Rekasan Z-R 4035;Rekasan Z-R 4036;Rekasan;Rekasan;181021901;27'900;Silo 4;94208602;12,7;;;Winterweizen;RGT Reform;198;5'524,20;
10;2019-06-12;10;Rekasan Z-R 4070;Rekasan Z-R 4071;Rekasan;Rekasan;181021901;26'160;Silo 4;94208598;13,2;;;Winterweizen;RGT Reform;198;5'179,68;
11;2019-06-19;11;Rekasan Z-R 4001;Rekasan Z-R 4002;Rekasan;Rekasan;181021901;24'860;Silo 3;94208596;13,6;;;Winterweizen;;198;4'922,28;
12;2019-06-25;12;Rekasan Z-R 4030;Rekasan Z-R 4031;Rekasan;Rekasan;181021901;26'180;Silo 2;94208594;12,3;;;Winterweizen;;198;5'183,64;
13;2019-06-27;13;Rekasan Z-R 4003;Rekasan Z-R 4011;Rekasan;Rekasan;181021901;26'840;Silo 2;94208592;12,5;;;Winterweizen;;198;5'314,32;
14;2019-07-11;14;Rekasan Z-R 4030;Rekasan Z-R 4031;Rekasan;Rekasan;181021901;26'560;Silo 2;94208590;12,3;;;Winterweizen;;198;5'258,88;
15;2019-07-19;15;Rekasan Z-R 4030;Rekasan Z-R 4031;Rekasan;Rekasan;181021901;27'220;Silo 2;94208588;12,4;;;Winterweizen;;198;5'389,56;
;2018-10-09;;Fendt;HW 80;;;Futter;6'000;Silo 3;;;;;Winterweizen;Patras;;0;
1;2019-04-09;1;K?nig CLP-FL220;K?nig SLK-TK105;K?nig;Roth;128787;26'750;Silo 6;94208670;12,9;;;Winterweizen;Toras;164;4'387,00;
2;2019-04-09;2;K?nig L-WD6772;K?nig L-WD6776;K?nig;Roth;128787;28'600;Silo 6;94208668;13,9;;;Winterweizen;Toras;164;4'690,40;
3;2019-04-09;3;K?nig SLK-NT66;K?nig SLK-NT67;K?nig;Roth;128787;27'050;Silo 6;94208666;13,5;;;Winterweizen;Toras;164;4'436,20;
4;2019-04-10;4;K?nig SLK-TK124;K?nig SLK-TK125;K?nig;Roth;128787;27'400;Silo 6;94208664;13,3;;;Winterweizen;Toras;164;4'493,60;
5;2019-04-10;5;K?nig LRO-ND512;K?nig LRO-ND112;K?nig;Roth;128787;24'000;Silo 6;94208662;13,2;;;Winterweizen;Toras;164;3'936,00;
6;2019-04-15;6;Lausch TO-LT103;Lausch TO-LT122;Lausch;Roth;128787;26'550;Silo 6;94208656;13;;;Winterweizen;Toras;164;4'354,20;
7;2019-04-15;7;Lausch TO-LT105;Lausch TO-LT106;Lausch;Roth;128787;28'250;Silo 6;94208654;12,9;;;Winterweizen;Toras;164;4'633,00;
8;2019-04-16;8;Lausch TO-LT105;Lausch TO-LT106;Lausch;Roth;128787;27'950;Silo 6;94208648;12,6;;;Winterweizen;Toras;164;4'583,80;
9;2019-04-18;9;Lausch TO-LT103;Lausch TO-LT122;Lausch;Roth;128787;27'750;Silo 6;94208646;12,7;;;Winterweizen;Toras;164;4'551,00;
10;2019-04-18;10;Lausch TO-LT107;Lausch TO-LT108;Lausch;Roth;128787;28'900;Silo 6;94208644;12,3;;;Winterweizen;Toras;164;4'739,60;
11;2019-04-18;11;Lausch TO-LT105;LauschTO-LT106;Lausch;Roth;128787;28'350;Silo 6;94208642;12,5;;;Winterweizen;Toras;164;4'649,40;
12;2019-04-18;12;Lausch TO-LT117;Lausch TO-LT118;Lausch;Roth;128787;28'300;Silo 6;94208640;11,9;;;Winterweizen;Toras;164;4'641,20;
13;2019-04-23;13;Lausch TO-LT111;Lausch TO-LT112;Lausch;Roth;128787;28'700;Silo 6;94208638;12,1;;;Winterweizen;Toras;164;4'706,80;
14;2019-04-23;14;Lausch TO-LT105;Lausch TO-LT106;Lausch;Roth;128787;26'950;Silo 6;94208636;12,1;;;Winterweizen;Toras;164;4'419,80;
15;2019-04-23;15;Otto DZ-PO 24;Otto DZ-PO24;Otto;Roth;128787;25'500;Silo 6;94208634;12,2;;;Winterweizen;Toras;164;4'182,00;
16;2019-04-26;16;Lausch TO-LT111;Lausch TO-LT112;Lausch;Roth;128787;27'350;Silo 6;94208630;12,2;;;Winterweizen;Toras;164;4'485,40;
17;2019-04-26;17;Lausch TO-LT105;Lausch TO-LT106;Lausch;Roth;128787;7'000;Silo 6;94208628;12;;;Winterweizen;Toras;164;1'148,00;
18;;17;Lausch TO-LT105;Lausch TO-LT106;Lausch;Roth;128787;22'000;Silo 3;94208628;12;;;Winterweizen;Patras;164;3'608,00;
19;2019-06-06;18;K?nig L-WD 6771;K?nig L-WD 6774;K?nig;Roth;128787;25'720;Silo 3;94208628;11;;;Winterweizen;;164;4'218,08;
20;2019-08-21;19;Kr?tzsch MTL-KA 9;Kr?tzsch MTL-AK 339;Kr?tzsch;Roth;128787;7'000;Silo 3;94208746;13,3;;;Winterweizen;;164;1'148,00;
1;2019-05-06;1;BAD BZ-ZA 210;BAD BZ-ZA 216;BAD;Cargill;093-2018;29'400;Silo 1;94208624;6,4;;;Winterraps;;400,94;11'787,64;
2;2019-05-06;2;BAD BZ-A 6666;BAD BZ-ZA 215;BAD;Cargill;093-2018;27'720;Silo 1;94208620;6,4;;;Winterraps;;400,94;11'114,06;
3;2019-05-06;3;BAD BZ-ZA 231;BAD BZ-ZA 232;BAD;Cargill;093-2018;27'280;Silo 1;94208622;6,3;;;Winterraps;;400,94;10'937,64;
4;2019-05-06;4;BAD BZ-ZA 204;BAD BZ-ZA 212;BAD;Cargill;093-2018;26'500;Silo 1;94208616;6;;;Winterraps;;400,94;10'624,91;
5;2019-05-07;5;BAD BZ-ZA 210;BAD BZ-ZA 216;BAD;Cargill;093-2018;27'200;Silo 1;94208618;5,8;;;Winterraps;;400,94;10'905,57;
6;2019-05-07;6;BAD BZ-A 6666;BAD BZ-ZA 215;BAD;Cargill;093-2018;26'330;Silo 1;95208614;5,9;;;Winterraps;;400,94;10'556,75;
7;2019-05-07;7;BAD BZ-ZA 204;BAD BZ-ZA 212;BAD;Cargill;093-2018;25'430;Silo 1;94208612;6,9;;;Winterraps;;400,94;10'195,90;
8;2019-05-23;8;BAD BZ-ZA 210;BAD BZ-ZA 216;BAD;Cargill;093-2018;27'450;Silo 1;94208606;6,4;;;Winterraps;;406,91;11'169,75;
1;2019-07-23;1;Z-R 4030;Z-R 4031;Rekasan;Rekasan;181061901;26'880;Silo 2;94208586;12,3;;;Winterweizen;;180;4'838,40;
2;2019-07-25;2;Z-R 4001;Z-R 4002;Rekasan;Rekasan;181061901;25'100;Silo 2 ;94208584;12,2;;;Winterweizen;;180;4'518,00;
3;2019-07-27;3;FG-GS 229;FG-GS 502;Gei†ler;Rekasan;181061901;26'620;Silo 3;94208582;12,6;;;Winterweizen;;180;4'791,60;
4;2019-07-29;4;Z-R 4001;Z-R 4002;Rekasan;Rekasan;181061901;25'640;Silo 3;94208575;12,7;;;Winterweizen;;180;4'615,20;
5;2019-07-29;5;Z-R 4030;Z-R 4031;Rekasan;Rekasan;181061901;26'500;Silo 3;94208578;12,5;;;Winterweizen;;180;4'770,00;
6;2019-07-30;6;Z-R 4070;Z-R 4071;Rekasan;Rekasan;181061901;27'720;Silo 3;94208576;12,4;;;Winterweizen;;180;4'989,60;
7;2019-07-31;7;Z-R 4001;Z-R 4002;Rekasan;Rekasan;181061901;25'820;Silo 3;545882;11,9;;;Winterweizen;;180;4'647,60;
8;2019-08-02;8;Z-R 4001;Z-R 4002;Rekasan;Rekasan;181061901;25'400;Silo 3;545988;11,8;;;Winterweizen;;180;4'572,00;
9;2019-08-05;9;Z-R 1206;Z-R 1204;Rekasan;Rekasan;181061901;26'180;Silo 3;545989;12;;;Winterweizen;;180;4'712,40;
10;2019-08-05;10;Z-R 4050;Z-R 4051;Rekasan;Rekasan;181061901;26'920;Silo 3;545990;12;;;Winterweizen;;180;4'845,60;
11;2019-08-06;11;Z-R 4003;Z-R 4011;Rekasan;Rekasan;181061901;25'480;Silo 3;545991;12,3;;;Winterweizen;;180;4'586,40;
12;2019-08-07;12;Z-R 4001;Z-R 4002;Rekasan;Rekasan;181061901;25'280;Silo 3;545999;12,3;;;Winterweizen;;180;4'550,40;
1;2019-08-07;1;BZ-ZA 210;BZ-ZA 216;BAG;Dobra;1000;27'460;Silo 4;546000;12,9;;1,1;Winterweizen;;155;4'256,30;
2;2019-08-07;2;BZ-ZA 231;BZ-ZA 232;BAG;Dobra;1000;24'580;Silo 4;546001;12,8;;1,3;Winterweizen;;155;3'809,90;
3;2019-08-07;3;BZ-A 6666;BZ-ZA 215;BAG;Dobra;1000;28'180;Silo 4;546007;13,4;;1,3;Winterweizen;;155;4'367,90;
4;2019-08-07;4;BZ-ZA 220;BZ-ZA 212;BAG;Dobra;1000;26'280;Silo 4;546002;13,3;;1;Winterweizen;;155;4'073,40;
;2019-07-24;1;PIR -AE 609;PIR-D 786;AP Struppen;Roth;4600149733;13'700;Feld;;6,2;;;Winterraps;;380,42;5'211,69;
;2019-07-24;2;PIR -AE 609;;AP Struppen;Roth;4600149733;20'500;Feld;;6,8;;;Winterraps;;383,52;7'862,17;
;2019-07-24;3;PIR -AE 609;;AP Struppen;Roth;4600149733;22'340;Feld;;6,8;;;Winterraps;;383,52;8'567,83;
;2019-07-24;4;PIR -AE 609;;AP Struppen;Roth;4600149733;20'680;Feld;;6,8;;;Winterraps;;383,52;7'931,20;
;2019-07-24;5;PIR -AE 609;;AP Struppen;Roth;4600149733;20'860;Feld;;6,8;;;Winterraps;;382,32;7'975,22;
;2019-07-29;1;KM-PP 437;KM-PP 440;Pilz;Beiselen;4600115268;26'640;Silo 4;94208580;6;;;Winterraps;;373,7;9'955,44;
;2019-07-30;2;KM-PP 431;KM-Pr 424;Pilz;Beiselen;4600115268;27'740;Silo 4;545981;7;;;Winterraps;;372,11;10'322,20;
;2017-08-07;;TO-TL 67/26;;Lausch;Roth;352138;27320;Silo 2;485627;6,4;;;Winterraps;;312,6753294;8'542,29;#WERT!
;2017-08-07;;TO-LT 115/110;;Lausch;Roth;352138;27380;Silo 2;485628;6,3;;;Winterraps;;325,44996;8'910,82;#WERT!
;2017-08-07;;TO-TL 67/26;;Lausch;Roth;352138;28220;Silo 2;485629;6,3;;;Winterraps;;326,36676;9'210,07;#WERT!
;2017-08-07;;TO-LT 115/110;;Lausch;Roth;352138;17080;Silo 2;485630;6,3;;;Winterraps;;326,367096;5'574,35;#WERT!
;2017-08-07;;TO-LT 115/110;;Lausch;Roth;1;10920;Silo 2;485630;6,3;;;Winterraps;;331,0897435;3'615,50;#WERT!
;2017-10-15;6426;PIR-CY 40;;Struppen;;2;21180;Querbeet;;30,2;;;Mais;;78,5802644;1'664,33;#WERT!
;2017-10-15;6428;PIR-JV 47;;Struppen;;2;20620;Querbeet;;30,6;;;Mais;;77,24054316;1'592,70;#WERT!
;2017-10-15;6427;PIR-CY 40;;Struppen;;2;21700;B?renstein;;35,8;;;Mais;;61,32258064;1'330,70;#WERT!
;2017-10-15;6429;PIR-JV 47;;Struppen;;2;20260;B?renstein;;35,4;;;Mais;;62,65695952;1'269,43;#WERT!
;2017-10-16;6432;PIR-CY 40;;Struppen;;2;14380;B?renstein;;33,8;;;Mais;;67,52155771;970,96;#WERT!
;2017-10-16;6433;PIR-XF 91;;Struppen;;2;12800;B?renstein;;33,1;;;Mais;;69,4921875;889,5;#WERT!
;2017-10-16;6435;PIR-AE 609;;Struppen;;2;20080;B?renstein;;34,3;;;Mais;;65,97111553;1'324,70;#WERT!
;2017-10-16;6436;PIR-CY 40;;Struppen;;2;18640;B?renstein;;34,2;;;Mais;;66,18240343;1'233,64;#WERT!
;2017-10-16;6437;PIR-AE 609;;Struppen;;2;22120;B?renstein;;33,9;;;Mais;;;0;#WERT!
;2017-10-16;6439;PIR-CY 40;;Struppen;;2;21040;B?renstein;;33,4;;;Mais;;;0;#WERT!
;2017-10-16;6440;PIR-AE 609;;Struppen;;2;20700;B?renstein;;35,2;;;Mais;;;0;#WERT!
;2017-10-16;6441;PIR-CY 40;;Struppen;;2;17940;B?renstein;;34;;;Mais;;;0;#WERT!
;2017-10-19;6472;PIR-CY 40;;Struppen;;3;-19960;;;14;;;Mais;;;0;0
;2017-10-19;6475;PIR-CY 40;;Struppen;;3;-20840;;;14;;;Mais;;;0;0
;2017-10-19;6476;PIR-CY 40;;Struppen;;3;-21260;;;14;;;Mais;;;0;0
;2017-12-04;;B-WY 5191 TO-LT 104;;Lausch;Roth;354443;28540;Silo 1;419972;7,3;;;Winterraps;;406,674142;11'606,48;#WERT!
;2017-12-04;;B-WY 5192 TO-TL 28;;Lausch;Roth;354443;28050;Silo 1;419960;7,3;;;Winterraps;;407,549733;11'431,77;#WERT!
;2017-12-04;;ZI-HAT 223 ZI-HAT 224;;Hempel;Roth;354443;31210;Silo 1;419955;7,3;;;Winterraps;;407,550144;12'719,64;#WERT!
;2017-12-13;;PE-LT 888 TO-TL 108;;Lausch;Roth;354443;29430;Silo 1;;6,7;;;Winterraps;;408,6605504;12'026,88;#WERT!
;2017-12-08;;FG-GS 205 FG-GS 521;;Gei†ler;FGL;908255;27840;Sortierhalle rechts;419978;14,1;12,2;1;Winterweizen;;165,599856;4'610,30;#WERT!
;2017-12-12;;FG-GS 202 FG-GS 507;;Gei†ler;FGL;908255;35320;Sortierhalle rechts;419962;14,4;12,2;0,8;Winterweizen;;165,599943;5'848,99;#WERT!
;2017-12-12;;FG-GS 214 FG-GS 517;;Gei†ler;FGL;908255;26240;Sortierhalle rechts;419961;14,1;12,9;0,8;Winterweizen;Toras;165,599848;4'345,34;#WERT!
;2017-12-12;;FG-GS 202 FG-GS 507;;Gei†ler;FGL;908255;31880;Sortierhalle rechts;419960;13,9;12,9;1,4;Winterweizen;Toras;165,600063;5'279,33;#WERT!
;2017-12-13;;FG-GS 28 FG-GS 515;;Gei†ler;FGL;908255;27860;Sortierhalle rechts;419982;13,8;12,9;1;Winterweizen;Toras;165,600144;4'613,62;#WERT!
;2017-12-13;;FG-GS 28 FG-GS 516;;Gei†ler;FGL;908255;27360;Sortierhalle rechts;419980;13,9;13,1;1;Winterweizen;Toras;165,600146;4'530,82;#WERT!
;2017-12-13;;FG-GS 202 FG-GS 507;;Gei†ler;FGL;908255;31820;Sortierhalle rechts;419981;14,1;13,1;1,2;Winterweizen;Toras;170,599937;5'428,49;#WERT!
;2017-12-14;;BZ-ZA 220 BZ-ZA 215;;BAG;FGL;908255;27620;Silo 5;419966;15,8;13,3;1,6;Winterweizen;Toras;161,60029;4'463,40;#WERT!
;2017-12-14;;BZ-ZA 204 BZ-ZA 212;;BAG;FGL;908255;28260;Sortierhalle rechts;419967;14,1;13,1;1,4;Winterweizen;Toras;170,600142;4'821,16;#WERT!
;2017-12-14;;BZ-ZA 210 BZ-ZA 216;;BAG;FGL;908255;27720;Silo 5;419968;15,8;13,2;1,2;Winterweizen;Toras;161,59632;4'479,45;#WERT!
;2017-12-14;;FG-GS 330 FG-GS 502;;Gei†ler;FGL;908255;28100;Sortierhalle rechts;419970;14,2;13;0,8;Winterweizen;Toras;170,6;4'793,86;#WERT!
;2017-12-15;;FG-GS 214 FG-GS 517;;Gei†ler;FGL;908255;27440;Sortierhalle rechts;415994;13,9;12,6;1,8;Winterweizen;;165,599854;4'544,06;#WERT!
;2017-12-15;;FG-GS 209 ;;Gei†ler;FGL;908255;29880;Sortierhalle rechts;419981;13,9;12,2;0,9;Winterweizen;;165,600067;4'948,13;#WERT!
;2017-12-18;;BZ-ZA 204 BZ-ZA 212;;Gei†ler;FGL;908255;28500;Sortierhalle rechts;419974;14;12,1;1;Winterweizen;;165,6;4'719,60;#WERT!
;2017-12-18;;BZ-ZA 220 BZ-ZA 215;;Gei†ler;FGL;908255;28220;Sortierhalle rechts;419975;14,3;11,3;1;Winterweizen;;149,599929;4'221,71;#WERT!
;2017-12-18;;BZ-ZA 210 BZ-ZA 216;;Gei†ler;FGL;908255;29320;Sortierhalle rechts;419976;14,2;11,2;1,2;Winterweizen;;149,599932;4'386,27;#WERT!
;2017-12-18;;BZ-ZA 204 BZ-ZA 212;;Gei†ler;FGL;908255;26320;Silo 5;419978;15,8;13,2;1;Winterweizen;Toras;161,597644;4'253,25;#WERT!
;2017-12-18;;BZ-ZA 210 BZ-ZA 216;;Gei†ler;FGL;908255;28160;Silo 5;419971;15,7;13,3;1,2;Winterweizen;Toras;161,823153;4'556,94;#WERT!
;2017-12-18;;BZ-ZA 220 BZ-ZA 215;;Gei†ler;FGL;908255;27100;Sortierhalle rechts;419979;14,2;11,2;1,4;Winterweizen;;149,6;4'054,16;#WERT!
;2017-12-18;;TO-TL 113 TO-TL 114;;Lausch;ROTH;366362;31600;Silo 8;419973;;;;Winterweizen;;163;5'150,80;#WERT!
;2017-12-18;;DE-LT 888 TO-TL 108;;Lausch;ROTH;366362;34400;Silo 6;419972;;;;Winterweizen;;163;5'607,20;#WERT!
;2017-12-19;;ZI-HAT 204 ZI-HAT 205;;Hempel;ROTH;366362;32560;Silo 6;419966;;;;Winterweizen;;163;5'307,28;#WERT!
;2017-12-20;;TO-TL 67 TO-TL 26;;Lausch;ROTH;366362;30540;Silo 6;419976;;;;Winterweizen;;163;4'978,02;#WERT!
;2017-12-20;;DZ-PO 25 DZ-PO 19;;OTTO;ROTH;366362;30820;Silo 6;419977;;;;Winterweizen;;163;5'023,66;#WERT!
;2017-12-20;;ZI-HAT 223 ZI-HAT 224;;Hempel;ROTH;366362;31620;Silo 6;419975;;;;Winterweizen;;163;5'154,06;#WERT!
;2017-12-20;;ZI-HAT 204 ZI-HAT 205;;Hempel;ROTH;366362;31980;Silo 6;419974;;;;Winterweizen;;163;5'212,74;#WERT!
;2017-12-21;;FG-CH 232 FG-XT 591;;ACS Biber;ROTH;366362;29140;Silo 6;419980;;;;Winterweizen;;163;4'749,82;#WERT!
;2017-12-21;;DE-LT 888 TO-TL 108;;Lausch;ROTH;366362;28560;Silo 6;419982;;;;Winterweizen;;163;4'655,28;#WERT!
;2017-12-21;;L-XF 6228 L-XE 4355;;ACS K?nig;ROTH;366362;30340;Silo 6;419933;;;;Winterweizen;;163;4'945,42;#WERT!
;2017-12-21;;FG-BF 354 FG-BF 227;;ACS B?Fi;ROTH;366362;28060;Silo 6;419969;;;;Winterweizen;;163;4'573,78;#WERT!
;2017-12-21;;GRZ-ZZ 216 GRZ-ZZ 215;;ACS Zauritz;ROTH;366362;30140;Silo 6;267692;;;;Winterweizen;;163;4'912,82;
;2017-12-21;;DZ-PO 25 DZ-PO 19;;OTTO;ROTH;366362;26720;Silo 6;267693;;;;Winterweizen;;163;4'355,36;
;2017-12-21;;TO-TL 115 TO-TL 102;;Lausch;ROTH;366362;30340;Silo 6;267'695,00;;;;Winterweizen;;163;4'945,42;
;2017-12-21;;L-WD 6772 L-WD 6774;;ACS K?nig;ROTH;372271;31120;Silo 6;267696;;;;Winterweizen;;162;5'041,44;
;2017-12-22;;ZI-HAT 204 ZI-HAT 205;;Hempel;ROTH;366362;28760;Silo 6;267694;;;;Winterweizen;;163;4'687,88;
;2017-12-22;;DE-LT 777 TO-TL 110;;Lausch;ROTH;366362;15660;Silo 6;419934;;;;Winterweizen;;163;2'552,58;
;2017-12-22;;DZ-PO 45 DZ-PO 19;;OTTO;ROTH;372271;32000;Silo 3;419937;;;;Winterweizen;;162;5'184,00;
;2018-01-02;;DE-LT 888  TO-LT 108;;Lausch;ROTH;371629;29920;Silo 1;419939;6,1;;;Winterraps;;402,6343582;12'046,82;
;2018-01-04;;TO-LT 113 TO-TL 114;;Lausch;ROTH;371629;29800;Silo 1;419941;6,7;;;Winterraps;;399,4714765;11'904,25;
;2018-01-05;;TO-LT 101 TO-TL 28;;Lausch;ROTH;371629;27920;Silo 1;419942;6,6;;;Winterraps;;400,3445558;11'177,62;
;2018-01-16;;PZ 649 KX PZ 565 MY;;ADAMEX;Roth;372271;31260;Naundorf;416004;15;11,2;0,96;Winterweizen;Patras;162;5'064,12;
;2018-01-17;;MD-ZX 995 SO-ZY 640;;Mimberg;Roth;372271;27700;Naundorf;416003;15;11;1,27;Winterweizen;Patras;162;4'487,40;
;2018-01-18;;WL 6273 H  OP 8320 H;;DALTONS;Roth;372271;30280;Silo 3;416005;11,2;11;0,55;Winterweizen;Patras;162;4'905,36;
;2018-01-18;;ZST 46321 ZST 54645;;DALTONS;Roth;372271;26760;Silo 3;416006;11,3;11,1;1,08;Winterweizen;Patras;162;4'335,12;
;2018-01-22;;MTL-AK 19  MTL-AK 21;;Kr?tzsch;Roth;372271;26940;Silo 3;416008;11,4;11,3;2,09;Winterweizen;Patras;162;4'364,28;
;2018-01-22;;L-X 8444  MTL-AK 866;;Kr?tzsch;Roth;372271;31860;Silo 3;416009;11,4;11,3;0,45;Winterweizen;Patras;162;5'161,32;
;2018-01-22;;MTL-KA 9  MTL-AK 339;;Kr?tzsch;Roth;372271;30300;Silo 3;416010;11,4;11,4;0,73;Winterweizen;Patras;162;4'908,60;
;2018-01-23;;MTL-KA 9  MTL-AK 339;;Kr?tzsch;Roth;372271;28120;Silo 3;416011;11,5;11,3;1,02;Winterweizen;Patras;162;4'555,44;
;2018-01-24;;L-X 8444  MTL-AK 866;;Kr?tzsch;Roth;372271;28940;Silo 3;416012;11,7;11,4;1,13;Winterweizen;Patras;162;4'688,28;
;2018-01-24;;L-X 8444  MTL-AK 866;;Kr?tzsch;Roth;372271;30560;Silo 3;416013;11,9;11,1;0,49;Winterweizen;Patras;162;4'950,72;
;2018-01-25;;MTL-KA 3  MTL-KA 4;;Kr?tzsch;Roth;372271;29120;Silo 3;21190546;12,2;11,1;0,49;Winterweizen;Patras;162;4'717,44;
;2018-01-26;;L-X 8444  MTL-AK 866;;Kr?tzsch;Roth;372271;27820;Silo 3;21190435;;;;Winterweizen;Patras;162;4'506,84;
;2018-02-12;;OZ-AL 460 OZ-AL 304;;ACN;Roth;372271;28380;Naundorf;21190541;14,8;10,8;0,7;Winterweizen;;162;4'597,56;
;2018-02-12;;MTL-KA 3  MTL-KA 4;;Kr?tzsch;Roth;372271;29740;Naundorf;21190549;14,7;10,7;1,08;Winterweizen;;162;4'817,88;
;2018-02-13;;MTL-AK 43 MTL-AK 17;;Kr?tzsch;Roth;372271;27080;Silo 3;21190544;12,9;10,6;0,14;Winterweizen;;162;4'386,96;
;2018-02-13;;L-UK 3020 L-UK 2040;;Kr?tzsch;Roth;372271;28120;Silo 3;21190545;12,8;10,3;0,75;Winterweizen;;162;4'555,44;
;2018-02-14;;MTL-AK 54- L-X 9930;;Kr?tzsch;Roth;372271;26640;Naundorf;21190543;14,7;10,5;1,17;Winterweizen;;162;4'315,68;
;2018-02-14;;MTL-AK 28-AK 286;;Kr?tzsch;Roth;372271;21440;Naundorf;419964;14,7;10,8;1,33;Winterweizen;;162;3'473,28;
;2018-02-15;;MTL-AK 43 MTL-AK 17;;Kr?tzsch;Roth;372271;27100;Silo 3;419957;13,3;10,3;0,77;Winterweizen;;162;4'390,20;
;2018-02-15;;MTL-AK 28-AK 286;;Kr?tzsch;Roth;372271;10000;Silo 3;419965;14,5;12,1;0,8;Winterweizen;;162;1'620,00;
;2018-02-16;;MW-UX 42  MW-PX 37;;Kr?tzsch;Roth;372271;13920;Silo 8;419958;14,2;12,2;1,03;Winterweizen;;162;2'255,04;
;2018-02-16;;MTL-AK 18  MTL-AK 522;;Kr?tzsch;Roth;366362;28760;Silo 8;21190532;14;12,4;1,01;Winterweizen;;163;4'687,88;
;2018-02-14;;ZS 3620 V  ZS 279 CA;;Sylwester;Torgauer LH;24184;25660;Sortierhalle links;21190542;14;;;Wintergerste;;142;3'643,72;
;2018-02-15;;CWA 96 SA  CWA 70 CF;;Rolzit;Torgauer LH;24184;28200;Sortierhalle links;21190533;14;;;Wintergerste;;142;4'004,40;
;2018-02-15;;CT 2313 P  CWA 96 CV;;Rolzit;Torgauer LH;24184;26100;Sortierhalle links;21190534;14;;;Wintergerste;;142;3'706,20;
;2018-03-01;;WintergersteM 14054  GDA 6VR7;;Ludwiczak;Torgauer LH;24184;25300;Sortierhalle links;21190527;14;;;Wintergerste;;142;3'592,60;
;2018-03-01;;PO 8F 481  PO 688 YT;;Ludwiczak;Torgauer LH;24184;14740;Sortierhalle links;21190526;14;;;Wintergerste;;142;2'093,08;
;2018-02-22;;MTL-KA 189  MTL-E 434;;Kr?tzsch;AGH Weikmann;43529;25730;Silo 1;21190531;6,6;;;Winterraps;;409,8566516;10'545,61;
;2018-02-22;;L-X3334  L-X 3338;;Kr?tzsch;AGH Weikmann;43529;25730;Silo 1;21190530;6,6;;;Winterraps;;409,8566516;10'545,61;
;2018-02-23;;MTL-AK 41  MTL-AK 714;;Kr?tzsch;AGH Weikmann;43529;25160;Silo 1;21190528;6,6;;;Winterraps;;409,8566516;10'311,99;
;2018-02-23;;L-X3334  L-X 3338;;Kr?tzsch;AGH Weikmann;43529;25160;Silo 1;21190529;6,6;;;Winterraps;;409,8566516;10'311,99;
;2018-03-08;;PIR-JX 47;;Struppen;Gro†erkmabbsdorf;5;21440;Sortierhalle links;;14;;;Wintergerste;;142,5;3'055,20;
;2018-03-08;;PIR-JX 47;;Struppen;Gro†erkmabbsdorf;5;18720;Sortierhalle links;;14;;;Wintergerste;;142,5;2'667,60;
;2018-03-09;;PIR-JX 47;;Struppen;Gro†erkmabbsdorf;5;20740;Sortierhalle links;;14;;;Wintergerste;;142,5;2'955,45;
;2018-03-09;;PIR-JX 47;;Struppen;Gro†erkmabbsdorf;5;21540;Sortierhalle links;;14;;;Wintergerste;;142,5;3'069,45;
;2018-03-12;;PIR-JX 47;;Struppen;Gro†erkmabbsdorf;5;21280;Sortierhalle links;;14;;;Wintergerste;;142,5;3'032,40;
;2018-05-14;;MTL-KA 36 MTL-AK 26;;Kr?tzsch;FGL;909605;26780;Silo 2;21190518;13,6;12,7;1,7;Winterweizen;;157;4'204,46;
;2018-05-14;;MTL-AK 18  MTL-AK 522;;Kr?tzsch;FGL;909605;26300;Silo 5;21190519;15,4;13,2;0,4;Winterweizen;;157;4'129,10;
;2018-05-14;;L-VL 1059  L-DU 6130;;Graupner;FGL;909605;30480;Silo 2;21190517;13;12,4;1,3;Winterweizen;;157;4'785,36;
;2018-05-15;;MTL-KA 36 MTL-AK 26;;Kr?tzsch;FGL;909605;27580;Silo 2;21190514;13;12,4;2,5;Winterweizen;;157;4'330,06;
;2018-05-15;;MTL-AK 54  L-X 9930;;Kr?tzsch;FGL;909605;31080;Silo 2;21190515;13;12,6;0,9;Winterweizen;;157;4'879,56;
;2018-05-15;;MTL-KA 19  MTL-KA 23;;Kr?tzsch;FGL;909605;27980;Silo 2;21190516;12,8;12,7;1,7;Winterweizen;;157;4'392,86;
;2018-05-15;;MTL-AK 18  MTL-AK 522;;Kr?tzsch;FGL;909605;30600;Silo 2;21190513;12,8;13;0,9;Winterweizen;;157;4'804,20;
;2018-05-15;;DZ-PO 25  DZ-PO 27;;Kr?tzsch;FGL;909605;29100;Silo 2;21190512;12,8;13,1;1,1;Winterweizen;;157;4'568,70;
;2018-05-16;;MTL-KA 19  MTL-KA 23;;Kr?tzsch;FGL;909605;28200;Silo 2;21190507;13,2;12,5;1,2;Winterweizen;;157;4'427,40;
;2018-05-16;;MTL-AK 54  L-X 9930;;Kr?tzsch;FGL;909605;30840;Silo 2;21190508;13;12,8;0,9;Winterweizen;;157;4'841,88;
;2018-05-17;;MTL-AK 54  L-X 9930;;Kr?tzsch;FGL;909605;31100;Silo 2;21190510;13;12,7;1,2;Winterweizen;;157;4'882,70;
;2018-05-17;;MTL-KA 19  MTL-KA 23;;Kr?tzsch;FGL;909605;29340;Silo 2;21190511;13,2;12,2;1,7;Winterweizen;;157;4'606,38;
;2018-05-17;;MTL-KA 9  MTL-AK 339;;Kr?tzsch;FGL;909605;28220;Silo 2;21190509;13,3;12,2;2;Winterweizen;;157;4'430,54;
;2018-05-17;;L-X 3334  L-X3338;;Kr?tzsch;FGL;909605;27260;Silo 2;21190493;13,4;12,3;1,7;Winterweizen;;157;4'279,82;
;2018-05-24;;MTL-AK 76  L-X 7730;;Kr?tzsch;FGL;909605;29260;Silo 2;21190487;13,6;12,3;3,6;Winterweizen;;157;4'593,82;
;2018-05-17;;MTL-AK 18  MTL-AK 522;;Kr?tzsch;FGL;909605;26120;Silo 2;21190494;13,5;12,4;0,4;Winterweizen;;157;4'100,84;
;2018-05-17;;MTL-AK 28  MTL-AK 286;;Kr?tzsch;FGL;909605;24440;Silo 2;21190506;13,7;12,2;2,3;Winterweizen;;157;3'837,08;
;2018-05-25;;MTL-AK 357  L-XC 8055;;Kr?tzsch;FGL;909605;28600;Silo 2;21190540;13,9;12,3;0,9;Winterweizen;;157;4'490,20;
;2018-05-18;;FG-BF 356  FG-BF 236;;B?Fi;Dobra;Dobra;26940;Silo 7;21190495;12,7;11,5;;Winterweizen;;176,8;4'762,99;
;2018-05-18;;FG-CH 232  FG-XT 591;;Biber;Dobra;Dobra;27380;Silo 7;21190496;12,2;11,6;;Winterweizen;;176,8;4'840,78;
;2018-05-18;;FG-BF 354  FG-BF 512;;B?Fi;Dobra;Dobra;32260;Silo 7;21190497;11,9;11,8;;Winterweizen;;176,8;5'703,57;
;2018-05-18;;FG-BF 356  FG-BF 236;;B?Fi;Dobra;Dobra;26420;Silo 7;21190498;11,8;11,9;;Winterweizen;;176,8;4'671,06;
;2018-05-18;;FG-CH 232  FG-XT 591;;Biber;Dobra;Dobra;27300;Silo 7;21190499;11,8;12;;Winterweizen;;176,8;4'826,64;
;2018-05-18;;FG-BF 354  FG-BF 512;;B?Fi;Dobra;Dobra;29560;Silo 7;21190500;11,7;11,7;;Winterweizen;;176,8;5'226,21;
;2018-05-18;;FG-CH 232  FG-XT 591;;Biber;Dobra;Dobra;26940;Silo 7;21190501;11,7;11,7;;Winterweizen;;176,8;4'762,99;
;2018-05-18;;FG-BF 354  FG-BF 512;;B?Fi;Dobra;Dobra;29180;Silo 7;21190502;11,8;11,6;;Winterweizen;;176,6;5'153,19;
;2018-05-28;;FG-BF 354  FG-BF 512;;B?Fi;Dobra;Dobra;29660;Silo 7;21190539;11,7;11,8;;Winterweizen;;176,8;5'243,89;
;2018-05-28;;FG-BF 350  FG-BF 237;;B?Fi;Dobra;Dobra;27800;Silo 7;21190538;11,8;11,7;;Winterweizen;;176,6;4'909,48;
;2018-05-28;;GRZ-LT 103  GRZ-LT;;ACS;Dobra;Dobra;25920;Silo 7;21190537;11,9;11,7;;Winterweizen;;176,8;4'582,66;
;2018-05-28;;FG-BF 356  FG-BF 236;;B?Fi;Dobra;Dobra;27200;Silo 7;21190536;11,9;11,6;;Winterweizen;;176,6;4'803,52;
;2018-05-29;;FG-BF 354  FG-BF 227;;B?Fi;Dobra;Dobra;27520;Silo 7;21190535;12,1;11,9;;Winterweizen;;176,8;4'865,54;
;2018-05-29;;FG-BF 586  FG-BF 512;;B?Fi;Dobra;Dobra;29860;Silo 7;21190479;12,2;11,9;;Winterweizen;;176,8;5'279,25;
;2018-05-29;;FG-BF 594  FG-BF 513;;B?Fi;Dobra;Dobra;26820;Silo 7;21190478;12,4;11,9;;Winterweizen;;176,4;4'731,05;
;2018-05-29;;L-VN 1000  L-DU 9301;;ACS;Dobra;Dobra;27440;Silo 7;21190477;12,8;12,2;;Winterweizen;;176,4;4'840,42;
;2018-05-29;;FG-BF 354  FG-BF 227;;B?Fi;Dobra;Dobra;28640;Silo 7;21190476;12,8;12,2;;Winterweizen;;176;5'040,64;
;2018-05-29;;FG-BF 586  FG-BF 512;;B?Fi;Dobra;Dobra;28180;Silo 7;21190475;12,8;12,3;;Winterweizen;;176;4'959,68;
;2018-05-22;;MTL-KA 9  MTL-AK 339;;Kr?tzsch;FGL;909606;27860;Silo 6;21190503;6,3;;;Winterraps;;363,1001435;10'115,97;
;2018-05-22;;MTL-KA 19  MTL-KA 23;;Kr?tzsch;FGL;909606;26980;Silo 6;21190504;6,3;;;Winterraps;;363,0997034;9'796,43;
;2018-05-22;;MTL-AK 54  L-X 9930;;Kr?tzsch;FGL;909606;27110;Silo 6;21190489;6,3;;;Winterraps;;363,0995942;9'843,63;
;2018-05-22;;L-X 6111  MTL-KA 5;;Kr?tzsch;FGL;909606;28570;Silo 6;21190490;6,3;;;Winterraps;;363,100105;10'373,77;
;2018-05-23;;MTL-KA 19  MTL-KA 23;;Kr?tzsch;FGL;909606;26620;Silo 6;21190505;6,4;;;Winterraps;;362,1701728;9'640,97;
;2018-05-23;;MTL-AK 54  L-X 9930;;Kr?tzsch;FGL;909606;27020;Silo 6;21190491;6,4;;;Winterraps;;362,1702442;9'785,84;
;2018-05-23;;MTL-KA 19  MTL-KA 23;;Kr?tzsch;FGL;909606;26230;Silo 6;21190492;6,3;;;Winterraps;;361,4003049;9'479,53;
;2018-05-23;;MTL-AK 54  L-X 9930;;Kr?tzsch;FGL;909606;28010;Silo 6;21190488;6,3;;;Winterraps;;361,3998571;10'122,81;
;2018-05-24;;MTL-KA 28  MTL-AK 286;;Kr?tzsch;FGL;909606;25280;Silo 6;21190486;6,3;;;Winterraps;;361,3999208;9'136,19;
;2018-05-24;;MTL-KA 36  MTL-KA 26;;Kr?tzsch;FGL;909606;27810;Silo 6;21190485;6,3;;;Winterraps;;361,3998561;10'050,53;
;2018-05-24;;KM-ER 36  KM-UR 126;;?lis;FGL;909606;26620;Silo 6;21190484;6;;;Winterraps;;363,0999248;9'665,72;
;2018-05-24;;MTL-KA 28  MTL-AK 286;;Kr?tzsch;FGL;909606;24620;Silo 6;21190483;6,3;;;Winterraps;;361,4004874;8'897,68;
;2018-05-24;;MTL-KA 36  MTL-KA 26;;Kr?tzsch;FGL;909606;27660;Silo 6;21190482;6,3;;;Winterraps;;361,4002169;9'996,33;
;2018-05-25;;MTL-AK 54  L-X 9930;;Kr?tzsch;FGL;909606;26390;Silo 6;21190481;6;;;Winterraps;;363,1000378;9'582,21;
;2018-05-25;;MTL-KA 19  MTL-KA 23;;Kr?tzsch;FGL;909606;23930;Silo 6;21190480;6;;;Winterraps;;363,0998746;8'688,98;
;2018-06-04;;OHA-KY 861  FG-AA 210;;ACS;FGL;910045;26940;Sortierhalle links;21190469;13,4;;2,7;Wintergerste;;160;4'310,40;
;2018-06-04;;MEI-AT 162  MEI-UR 306;;ACS;FGL;910045;25340;Sortierhalle links;21190470;13,3;;2,7;Wintergerste;;160;4'054,40;
;2018-06-04;;GRM-JE 9  GRM-JT 8;;ACS;FGL;910045;28340;Sortierhalle links;21190471;13,2;;2,7;Wintergerste;;160;4'534,40;
;2018-06-06;;L-VL 1239  L-VL 1117;;ACS;FGL;910045;27480;Sortierhalle links;21190472;13,3;;2,7;Wintergerste;;160;4'396,80;
;2018-06-08;;FG-CH 232  FG-XT 591;;ACS;FGL;910045;26960;Sortierhalle links;21190474;13,5;;2,8;Wintergerste;;160;4'313,60;
;2018-06-08;;FG-BF 356  FG-BF 236;;ACS;FGL;910045;26740;Stangebergeraum;21190473;13,4;;3,7;Wintergerste;;160;4'278,40;
;2018-06-28;;OZ-GP 17  TDO-Gp 714;;Philipp;FGL;910229;24620;Silo 5;21190468;15,5;13,2;1,5;Winterweizen;;162,0312753;3'989,21;
;2018-06-28;;OZ-GP 159  TDO-GP 467;;Philipp;FGL;910229;26300;Silo 5;21190467;15,7;13,5;1,4;Winterweizen;;161,355133;4'243,64;
;2018-07-02;;7C61738  4C3 3428;;Philipp;FGL;910229;26540;Silo 5;21190466;14,6;13,2;1,7;Winterweizen;;163,8127354;4'347,59;
;2018-07-03;;RD-A 3767  RD-AF 768;;Zuchel;FGL;910229;27560;Silo 5;21190465;14,5;13,7;2;Winterweizen;;165;4'547,40;
;2018-07-03;;RD-TK 106  RD-ER 659;;Zuchel;FGL;910229;26580;Silo 5;21190464;14,5;13,4;3,1;Winterweizen;;165;4'385,70;
;2018-07-03;;LUP-RH 444  PR-B 319;;Zuchel;FGL;910229;20000;Silo 5;21190463;13,9;13,3;1,8;Winterweizen;;165;3'300,00;
;2018-07-17;;Z-R 4050  Z-R 4051;;Rekasan;Weikmann;44474;28080;Silo 6;21190462;14,4;;;Winterweizen;;156;4'380,48;
;2018-07-24;;Z-R 4001  Z-R 4002;;Rekasan;Weikmann;44474;27640;Silo 6;21190444;15;;;Winterweizen;;156;4'311,84;
;2018-07-26;;Z-R 4030  Z-R  4031;;Rekasan;Weikmann;44474;28880;Silo 6;21190443;14,2;;;Winterweizen;;156;4'505,28;
;2018-07-27;;Z-R 4030  Z-R  4031;;Rekasan;Weikmann;44474;27020;Silo 6;21190442;13,5;;;Winterweizen;;156;4'215,12;
;2018-08-01;;Z-R 4050  Z-R 4051;;Rekasan;Weikmann;44474;27780;Silo 6;21190441;13,8;;;Winterweizen;;156;4'333,68;
;2018-08-02;;Z-R 4050  Z-R 4051;;Rekasan;Weikmann;44474;28460;Silo 6;21190440;13,1;;;Winterweizen;;156;4'439,76;
;2018-08-03;;Z-R 1206  Z-R 1204;;Rekasan;Weikmann;44474;26260;Silo 6;21190439;13,2;;;Winterweizen;;156;4'096,56;
;2018-08-06;;BK-AT 612  KI-HL 1915;;HaGe Logistik;Weikmann;45071;30200;Silo 6;21190438;12,9;;;Winterweizen;;162,5;4'907,50;
;2018-08-07;;BK-AT 613 KI-HL 527;;HaGe Logistik;Weikmann;45071;29800;Silo 6;21190437;13;;;Winterweizen;;162,5;4'842,50;
;2018-08-08;;Z-R 4030  Z-R  4031;;Rekasan;Weikmann;45071;27560;Silo 6;21190436;13,4;;;Winterweizen;;162,5;4'478,50;
;2018-08-08;;Z-R 4010  Z-R 4012;;Rekasan;Weikmann;45071;27300;Silo 6;94208579;13,5;;;Winterweizen;;162,5;4'436,25;
;2018-08-09;;Z-R 4030  Z-R  4031;;Rekasan;Weikmann;45071;28360;Silo 6;94208581;13,7;;;Winterweizen;;162,5;4'608,50;
;2018-08-13;;Z-R 4030  Z-R  4031;;Rekasan;Weikmann;45071;27000;Silo 6;94208583;13,5;;;Winterweizen;;162,5;4'387,50;
;2018-08-16;;Z-R 4050  Z-R 4051;;Rekasan;Weikmann;45071;26380;Silo 6;94208585;13,4;;;Winterweizen;;162,5;4'286,75;
;2018-08-27;;Z-R 1206  Z-R 1204;;Rekasan;Rekasan;171081801;26080;Silo 6;94208587;;;;Winterweizen;;200;5'216,00;
;2018-08-29;;Z-R 4050  Z-R 4051;;Rekasan;Rekasan;171081801;26700;Silo 6;94208589;13,9;;;Winterweizen;;200;5'340,00;
;2018-09-04;;Z-R 4050  Z-R 4051;;Rekasan;Rekasan;171081801;26400;Silo 6;94208591;13,7;;;Winterweizen;;200;5'280,00;
;;;;;;;;;;;;;;;;;;
;;;;;;;;;;;;;;;;;;
;;;;;;;;;;;;;;;;;;
;;;;;;;;;;;;;;;;;;
;;;;;;;;;;;;;;;;;;
0;1900-01-01;2;3;4;5;6;7;8;9;10;11;12;13;23;24;25;26;
Nr.;Datum;Lieferschein;Kennzeichen;Anh?nger;Spedition;K?ufer;EK;Gewicht;Lager;RÅckstell-;Feuchte;Rohprotein;Schmachtkorn;Getreideart;Sorte;?/t;?;
